<?xml version="1.0" encoding="UTF-8" standalone="yes"?>
<!--
    smartfixep-batchh Batch Installer Manifest File
    
-->
<installer>
    <!--
        Addons is a required container for a list of addon username and addon_id pairs.
        Each container requires both pairs.
    -->
    <addons>
        <addon>
            <addon_id>plugin.video.kodipopcorntime-1.7.2</addon_id>
            <username>markop159</username>
        </addon>
        <addon>
            <addon_id>plugin.video.animaltv</addon_id>
            <username>tvaddonsco</username>
        </addon>
    </addons>
    <!--
        Configs is an optional container for a list of config files and destinations.
        This is not limited to config files; could include images, databases, etc.
        *** Be careful, this it will overwrite destinations. ***
        Each file is copied overwriting the distination.
        ./configs/test.xml will overwrite special://profile/addon_data/plugin.video.animaltv/test.xml
    -->
    <configs dir="configs">
        <config>
            <source>test.config</source>
            <destination>special://profile/addon_data/plugin.video.animaltv/</source>
        </config>
    </configs>
    <!--
        Settings is an optional container for a list of addon settings key and value pairs.
    -->
    <settings>
        <setting addon_id="plugin.video.animaltv">
            <key>test.setting</key>
            <value>test.value</value>
        </setting>
    </settings>
    <!--
        Optionally issue a series of built-in commands.
        *** Be careful, know what you are doing here! ***
    -->
    <builtins>
        <command>ReloadSkin()</command>
    </builtins>
    <!--
        Optionally issue a series of JSONRPC commands.
        *** Be very careful, know what you are doing here! ***
    -->
    <jsonrpc>
        <command>
            <method>Settings.SetSettingValue</method>
            <params>{"setting":"setting_name","value": 1}</params>
            <id>1</id>
        </command>
    </jsonrpc>
</installer>
